name,site_code,date,time,ele,lat,lon,c_f
T0,NMB,2025-07-08,2025-07-08T11:10:43Z,-52.998329,-18.884259,47.533415,NA
T1,NMB,2025-07-08,2025-07-08T11:23:21Z,-48.603573,-15.498055,49.762871,NA
T2,NMB,2025-07-08,2025-07-08T11:27:54Z,-48.995464,-15.498207,49.762872,NA
T3,NMB,2025-07-08,2025-07-08T11:31:04Z,-48.678219,-15.498995,49.762775,NA
T4,NMB,2025-07-08,2025-07-08T11:33:16Z,-45.58976,-15.499781,49.762737,NA
T5,NMB,2025-07-08,2025-07-08T11:36:51Z,-43.537006,-15.500581,49.763076,NA
T6,NMB,2025-07-08,2025-07-08T11:39:03Z,-47.22263,-15.501381,49.762854,NA
T7,NMB,2025-07-08,2025-07-08T11:41:11Z,-46.541489,-15.502168,49.762629,NA
T8,NMB,2025-07-08,2025-07-08T11:43:28Z,-48.071724,-15.502728,49.76194,NA
T9,NMB,2025-07-08,2025-07-08T11:45:29Z,-46.205585,-15.503202,49.76197,NA
T10,NMB,2025-07-08,2025-07-08T11:49:47Z,-40.532524,-15.503715,49.762664,NA
T11,NMB,2025-07-08,2025-07-08T11:51:34Z,-38.059891,-15.503966,49.763129,NA
T12,NMB,2025-07-08,2025-07-08T11:54:31Z,-28.094713,-15.504639,49.763485,NA
T13,NMB,2025-07-08,2025-07-08T11:57:17Z,-23.233423,-15.505101,49.764203,NA
T15,NMB,2025-07-08,2025-07-08T12:07:04Z,29.783567,-15.506081,49.765217,NA
T16,NMB,2025-07-08,2025-07-08T12:12:00Z,50.404396,-15.505817,49.765812,NA
t17,NMB,2025-07-08,2025-07-08T12:16:19Z,74.925453,-15.50503,49.766348,NA
T18,NMB,2025-07-08,2025-07-08T12:19:36Z,109.896889,-15.504389,49.766757,NA
T19,NMB,2025-07-08,2025-07-08T12:23:18Z,84.358788,-15.503813,49.76741,NA
T20,NMB,2025-07-08,2025-07-08T12:26:16Z,96.591324,-15.503141,49.767839,NA
T21,NMB,2025-07-08,2025-07-08T12:29:10Z,123.015839,-15.502452,49.768087,NA
T22,NMB,2025-07-08,2025-07-08T12:31:56Z,138.626083,-15.501695,49.768489,NA
Capture 1,NMB,2025-07-08,2025-07-08T12:36:26Z,158.164551,-15.501094,49.768813,NA
T23,NMB,2025-07-08,2025-07-08T12:37:27Z,158.929672,-15.501031,49.768822,NA
Capture 2,NMB,2025-07-08,2025-07-08T12:40:50Z,156.634323,-15.500905,49.768801,NA
T24,NMB,2025-07-08,2025-07-08T12:43:40Z,147.340958,-15.50066,49.768532,NA
T25,NMB,2025-07-08,2025-07-08T12:46:31Z,134.557907,-15.500468,49.767978,NA
Capture 3,NMB,2025-07-08,2025-07-08T12:48:03Z,130.461731,-15.500551,49.767856,NA
T26,NMB,2025-07-08,2025-07-08T12:53:00Z,99.017303,-15.500617,49.767266,NA
T27,NMB,2025-07-08,2025-07-08T12:56:24Z,84.601379,-15.500939,49.766677,NA
T28,NMB,2025-07-08,2025-07-08T12:59:32Z,58.811352,-15.501186,49.765932,NA
T29,NMB,2025-07-08,2025-07-08T13:04:03Z,39.506149,-15.500805,49.7653,NA
T30,NMB,2025-07-08,2025-07-08T13:06:50Z,20.658152,-15.50083,49.764644,NA
T31,NMB,2025-07-08,2025-07-08T13:14:41Z,-12.260529,-15.501214,49.763771,NA
T32,NMB,2025-07-08,2025-07-08T13:17:20Z,-35.344662,-15.501257,49.763087,NA
End,NMB,2025-07-08,2025-07-08T13:20:33Z,-51.729355,-15.501243,49.762891,NA
T0 north,NMB,2025-07-08,2025-07-08T14:12:54Z,-54.192657,-15.497346,49.762633,NA
T1n,NMB,2025-07-08,2025-07-08T14:29:22Z,-7.044672,-15.49739,49.763921,NA
T2n,NMB,2025-07-08,2025-07-08T14:32:22Z,3.63897,-15.497261,49.764336,NA
T3n,NMB,2025-07-08,2025-07-08T14:34:08Z,5.906328,-15.497191,49.764342,NA
T4n,NMB,2025-07-08,2025-07-08T14:36:55Z,19.743744,-15.496665,49.76427,NA
0001,NMB,2025-07-08,2025-07-08T14:44:03Z,47.623852,-15.496313,49.765085,NA
Big frog,NMB,2025-07-08,2025-07-08T14:44:07Z,47.987747,-15.496317,49.765057,NA
T5N,NMB,2025-07-08,2025-07-08T14:48:17Z,45.571098,-15.496364,49.76492,NA
Tree hole 2,NMB,2025-07-08,2025-07-08T14:49:09Z,46.606804,-15.496263,49.764907,NA
Capture4,NMB,2025-07-08,2025-07-08T14:52:57Z,48.948811,-15.495988,49.764963,NA
Capture 5&6,NMB,2025-07-08,2025-07-08T14:59:12Z,48.043732,-15.495892,49.764948,NA
Capture7,NMB,2025-07-08,2025-07-08T15:04:06Z,47.269283,-15.495972,49.764899,NA
T5.5n,NMB,2025-07-08,2025-07-08T15:05:27Z,47.801132,-15.495848,49.764824,NA
Capture8,NMB,2025-07-08,2025-07-08T15:11:38Z,45.785706,-15.495771,49.764752,NA
Capture9,NMB,2025-07-08,2025-07-08T15:17:27Z,49.098099,-15.495629,49.764713,NA
T6n,NMB,2025-07-08,2025-07-08T15:20:23Z,48.892826,-15.495627,49.76472,NA
Capture10,NMB,2025-07-08,2025-07-08T15:23:17Z,50.730972,-15.495376,49.76478,NA
Capture 11,NMB,2025-07-08,2025-07-08T15:25:21Z,51.048214,-15.495387,49.764822,NA
Capture12,NMB,2025-07-08,2025-07-08T15:29:22Z,57.141155,-15.495247,49.764597,NA
Capture 13,NMB,2025-07-08,2025-07-08T15:31:29Z,56.152103,-15.495281,49.764627,NA
Capture 14,NMB,2025-07-08,2025-07-08T15:38:00Z,38.890324,-15.495659,49.764222,NA
T7n,NMB,2025-07-08,2025-07-08T15:40:01Z,38.451782,-15.495714,49.764278,NA
Capture15,NMB,2025-07-08,2025-07-08T15:43:49Z,27.189636,-15.49581,49.763946,NA
Capture1c,NMB,2025-07-08,2025-07-08T15:50:55Z,22.785549,-15.495911,49.763777,NA
T8n,NMB,2025-07-08,2025-07-08T15:52:21Z,21.759172,-15.495874,49.763734,NA
Capture16,NMB,2025-07-08,2025-07-08T15:55:44Z,14.639855,-15.495936,49.763509,NA
T9n,NMB,2025-07-08,2025-07-08T16:02:20Z,-8.780181,-15.495317,49.763115,NA
Capture17,NMB,2025-07-08,2025-07-08T16:03:45Z,-8.127032,-15.495385,49.762984,NA
Capture18,NMB,2025-07-08,2025-07-08T16:07:00Z,-16.935205,-15.495426,49.762613,NA
Capture19,NMB,2025-07-08,2025-07-08T16:11:21Z,-27.404242,-15.495496,49.762438,NA
Capt20,NMB,2025-07-08,2025-07-08T16:15:22Z,-28.542585,-15.495597,49.762555,NA
T10n,NMB,2025-07-08,2025-07-08T16:16:42Z,-37.695995,-15.495629,49.762118,NA
Capture21,NMB,2025-07-08,2025-07-08T16:20:17Z,-38.955639,-15.495934,49.762143,NA
NMB C01,NMB,2025-07-09,2025-07-09T08:25:47Z,-45.095234,-15.500478,49.763203,NA
Nmb c03,NMB,2025-07-09,2025-07-09T11:47:35Z,-30.558016,-15.496452,49.761701,NA
0002,NMB,2025-07-09,2025-07-09T12:58:44Z,21.227324,-15.497321,49.76229,NA
0003,NMB,2025-07-09,2025-07-09T13:10:41Z,-2.761885,-15.491646,49.76027,NA
0004,NMB,2025-07-09,2025-07-09T13:12:41Z,-4.609362,-15.491632,49.760252,NA
0005,NMB,2025-07-09,2025-07-09T13:19:09Z,7.931088,-15.493039,49.76092,NA
0006,NMB,2025-07-09,2025-07-09T13:30:47Z,-9.04144,-15.495655,49.760786,NA
0007,NMB,2025-07-09,2025-07-09T13:36:06Z,-19.099926,-15.49628,49.761837,NA
0008,NMB,2025-07-09,2025-07-09T13:53:14Z,-21.329962,-15.498395,49.762743,NA
0009,NMB,2025-07-09,2025-07-09T14:01:30Z,-18.297487,-15.501504,49.762907,NA
0010,NMB,2025-07-09,2025-07-09T14:08:50Z,-17.588354,-15.503706,49.762705,NA
0011,NMB,2025-07-09,2025-07-09T14:14:50Z,-0.970392,-15.505299,49.764056,NA
0012,NMB,2025-07-09,2025-07-09T14:15:26Z,0.475865,-15.504923,49.763661,NA
0013,NMB,2025-07-09,2025-07-09T14:16:27Z,2.939168,-15.504739,49.763629,NA
0014,NMB,2025-07-09,2025-07-09T14:25:03Z,70.707985,-15.506631,49.765422,NA
Nmb c04,NMB,2025-07-09,2025-07-09T15:39:25Z,-36.594975,-15.496199,49.761948,NA
0015,NMB,2025-07-10,2025-07-10T07:02:15Z,-40.06599,-15.497999,49.76289,NA
0016,NMB,2025-07-10,2025-07-10T07:05:57Z,-38.563747,-15.497876,49.762893,NA
0017,NMB,2025-07-10,2025-07-10T07:12:27Z,-31.369785,-15.49588,49.761006,NA
0018,NMB,2025-07-10,2025-07-10T07:15:09Z,-24.28779,-15.495493,49.760386,NA
0019,NMB,2025-07-10,2025-07-10T07:17:18Z,-32.489468,-15.494822,49.759893,NA
0020,NMB,2025-07-10,2025-07-10T07:19:33Z,-19.529139,-15.494061,49.759992,NA
0021,NMB,2025-07-10,2025-07-10T07:21:46Z,-9.545298,-15.49349,49.760475,NA
0022,NMB,2025-07-10,2025-07-10T07:24:37Z,1.101022,-15.493247,49.760958,NA
0023,NMB,2025-07-10,2025-07-10T07:26:51Z,8.024395,-15.494042,49.761231,NA
0024,NMB,2025-07-10,2025-07-10T07:29:43Z,24.521057,-15.494401,49.761706,NA
0025,NMB,2025-07-10,2025-07-10T07:33:14Z,36.921547,-15.49376,49.762098,NA
0026,NMB,2025-07-10,2025-07-10T07:36:44Z,31.882975,-15.493423,49.762726,NA
Capture35,NMB,2025-07-10,2025-07-10T07:40:08Z,33.487854,-15.493228,49.762764,NA
Capture36,NMB,2025-07-10,2025-07-10T07:42:57Z,35.764542,-15.493207,49.762802,NA
0027,NMB,2025-07-10,2025-07-10T07:48:55Z,52.447819,-15.492902,49.763449,NA
0028,NMB,2025-07-10,2025-07-10T07:53:20Z,59.221901,-15.492717,49.763617000000004,NA
Cap38,NMB,2025-07-10,2025-07-10T07:53:25Z,58.997963,-15.492739,49.763618,NA
Cap39,NMB,2025-07-10,2025-07-10T07:56:55Z,75.14006,-15.49278,49.764141,NA
0029,NMB,2025-07-10,2025-07-10T07:58:20Z,78.331154,-15.492868,49.764293,NA
0030,NMB,2025-07-10,2025-07-10T08:00:55Z,100.510208,-15.492986,49.764977,NA
Cap40,NMB,2025-07-10,2025-07-10T08:04:50Z,99.931709,-15.493081,49.765103,NA
0031,NMB,2025-07-10,2025-07-10T08:06:03Z,102.656273,-15.493252,49.765197,NA
0032,NMB,2025-07-10,2025-07-10T08:09:05Z,111.445786,-15.493891,49.765609,NA
0033,NMB,2025-07-10,2025-07-10T08:11:40Z,98.018913,-15.494153,49.765039,NA
Nmb c6,NMB,2025-07-10,2025-07-10T08:13:09Z,94.547897,-15.494232,49.76489,NA
0034,NMB,2025-07-10,2025-07-10T08:16:23Z,79.833397,-15.494561,49.764549,NA
Cap41,NMB,2025-07-10,2025-07-10T08:19:51Z,83.071152,-15.495113,49.764658,NA
0035,NMB,2025-07-10,2025-07-10T08:22:16Z,79.581467,-15.495195,49.764579,NA
0036,NMB,2025-07-10,2025-07-10T08:24:55Z,58.083557,-15.495802,49.764115,NA
Cap42,NMB,2025-07-10,2025-07-10T08:24:57Z,58.027573,-15.495801,49.764117,NA
Cap43,NMB,2025-07-10,2025-07-10T08:29:12Z,50.339081,-15.495736,49.763853,NA
C005,NMB,2025-07-10,2025-07-10T12:36:08Z,1.315628,-15.497398,49.762237,NA
Nmb c06,NMB,2025-07-10,2025-07-10T13:53:31Z,-12.493796,-15.496632,49.762249,NA
Cap july10,NMB,2025-07-10,2025-07-10T14:49:58Z,22.430983,-15.493055,49.760649,NA
Nmb c007,NMB,2025-07-10,2025-07-10T15:29:46Z,-13.874739,-15.496312,49.761555,NA
0037,NMB,2025-07-11,2025-07-11T14:24:27Z,99.063957,-15.49734,49.762334,NA
0038,NMB,2025-07-12,2025-07-12T12:16:06Z,191.400482,-15.506145,49.760621,NA
0039,NMB,2025-07-12,2025-07-12T12:17:22Z,192.305557,-15.506174,49.760591,NA
MTA.0001,MTA,2025-07-19,2025-07-19T12:14:55Z,1036.686523,-12.527196,49.1718,NA
MTA.0002,MTA,2025-07-19,2025-07-19T12:17:27Z,1036.303955,-12.528107,49.171552,NA
MTA.0003,MTA,2025-07-19,2025-07-19T12:19:35Z,1039.877563,-12.528394,49.170626,NA
MTA.0004,MTA,2025-07-19,2025-07-19T12:23:37Z,1035.072266,-12.528052,49.171602,NA
MTA.0005,MTA,2025-07-19,2025-07-19T12:26:49Z,1052.940552,-12.528086,49.172527,NA
MTA.0006,MTA,2025-07-19,2025-07-19T12:29:57Z,1080.242188,-12.529059,49.172529,NA
MTA.0007,MTA,2025-07-19,2025-07-19T13:57:43Z,960.230835,-12.513571,49.183042,NA
MTA.0008,MTA,2025-07-19,2025-07-19T14:56:26Z,NA,-12.513589,49.183024,NA
MTA.0009,MTA,2025-07-19,2025-07-19T14:56:41Z,936.316284,-12.512519,49.187523,NA
MTA.0010,MTA,2025-07-19,2025-07-19T15:12:53Z,916.021973,-12.511616,49.192029,NA
MTA.0011,MTA,2025-07-19,2025-07-19T15:15:25Z,912.52301,-12.51132,49.192399,NA
MTA.0012,MTA,2025-07-19,2025-07-19T15:21:57Z,907.820312,-12.510847,49.192719,NA
MTA.0013,MTA,2025-07-19,2025-07-19T15:26:01Z,905.91687,-12.510615,49.192871,NA
MTA.0014,MTA,2025-07-19,2025-07-19T15:28:37Z,904.16272,-12.510395,49.192927,NA
MTA.0015,MTA,2025-07-19,2025-07-19T15:31:19Z,901.92334,-12.510249,49.192855,NA
MTA.0016,MTA,2025-07-19,2025-07-19T15:34:14Z,901.111572,-12.510158,49.192887,NA
MTA.0017,MTA,2025-07-19,2025-07-19T15:35:37Z,900.467712,-12.510085,49.192896,NA
MTA.0018,MTA,2025-07-19,2025-07-19T15:39:25Z,893.152466,-12.509381,49.193014,NA
MTA.0019,MTA,2025-07-19,2025-07-19T15:42:28Z,890.866455,-12.509143,49.193091,NA
MTA.0020,MTA,2025-07-19,2025-07-19T15:46:15Z,884.810852,-12.508641,49.193264,NA
MTA.0021,MTA,2025-07-19,2025-07-19T15:51:56Z,880.164185,-12.508432,49.193354,NA
MTA.0022,MTA,2025-07-19,2025-07-19T15:53:13Z,879.389709,-12.508333,49.193405,NA
MTA.0023,MTA,2025-07-19,2025-07-19T15:55:24Z,876.907715,-12.508212,49.193509,NA
MTA.0024,MTA,2025-07-19,2025-07-19T15:57:04Z,875.116272,-12.508017,49.193588,NA
MTA.0025,MTA,2025-07-19,2025-07-19T16:12:37Z,1009.90741,-12.521342,49.179079,NA
MTA.0026,MTA,2025-07-19,2025-07-19T16:19:36Z,1041.538452,-12.521888,49.178437,NA
MTA.0027,MTA,2025-07-20,2025-07-20T03:57:23Z,1037.815552,-12.526676,49.172019,NA
MTA.0028,MTA,2025-07-20,2025-07-20T03:58:22Z,1036.406616,-12.526322,49.172022,NA
MTA.0029,MTA,2025-07-20,2025-07-20T04:33:30Z,1042.312866,-12.526983,49.171818,NA
MTA.0030,MTA,2025-07-20,2025-07-20T07:57:57Z,1044.272339,-12.524562,49.172765,NA
MTA.0031,MTA,2025-07-20,2025-07-20T07:59:15Z,1044.356323,-12.524526,49.172728,NA
MTA.0032,MTA,2025-07-20,2025-07-20T08:00:20Z,1043.469971,-12.524484,49.172835,NA
MTA.0033,MTA,2025-07-20,2025-07-20T08:09:31Z,1049.889404,-12.524337,49.173044,NA
MTA.0034,MTA,2025-07-20,2025-07-20T08:10:34Z,1051.195679,-12.524292,49.173098,NA
MTA.0035,MTA,2025-07-20,2025-07-20T08:11:42Z,1050.981079,-12.524212,49.173167,NA
MTA.0036,MTA,2025-07-20,2025-07-20T08:15:11Z,1049.712158,-12.523015,49.173315,NA
MTA.0037,MTA,2025-07-20,2025-07-20T08:18:00Z,1047.762085,-12.522505,49.173351,NA
MTA.0038,MTA,2025-07-20,2025-07-20T08:20:34Z,1048.835083,-12.522559,49.1734,NA
MTA.0039,MTA,2025-07-20,2025-07-20T08:22:16Z,1048.153931,-12.522533,49.173298,NA
MTA.0040,MTA,2025-07-20,2025-07-20T08:22:38Z,1049.656128,-12.522529,49.17327,NA
MTA.0041,MTA,2025-07-20,2025-07-20T08:22:53Z,1050.262695,-12.522529,49.17327,NA
MTA.0042,MTA,2025-07-20,2025-07-20T08:29:01Z,1054.778687,-12.52353,49.173364,NA
MTA.0043,MTA,2025-07-20,2025-07-20T08:30:54Z,1050.925171,-12.524388,49.173079,NA
MTA.0044,MTA,2025-07-20,2025-07-20T08:39:48Z,1047.043579,-12.52517,49.172819,NA
MTA.0045,MTA,2025-07-20,2025-07-20T14:54:39Z,896.110291,-12.507231,49.194454,NA
MTA.0046,MTA,2025-07-20,2025-07-20T14:58:54Z,890.651855,-12.506921,49.194773,NA
MTA.0047,MTA,2025-07-20,2025-07-20T15:05:36Z,874.948303,-12.506015,49.195528,NA
MTA.0048,MTA,2025-07-20,2025-07-20T15:10:33Z,865.412354,-12.505503,49.195846,NA
MTA.0049,MTA,2025-07-20,2025-07-20T15:13:57Z,862.491821,-12.505257,49.196209,NA
MTA.0050,MTA,2025-07-20,2025-07-20T15:18:38Z,856.184265,-12.504789,49.196613,NA
MTA.0051,MTA,2025-07-20,2025-07-20T15:23:41Z,849.148926,-12.50444,49.19747,NA
MTA.0052,MTA,2025-07-20,2025-07-20T15:26:10Z,847.273438,-12.504289,49.197636,NA
MTA.0053,MTA,2025-07-20,2025-07-20T15:28:34Z,841.525757,-12.504193,49.197936,NA
MTA.0054,MTA,2025-07-20,2025-07-20T15:30:42Z,842.636108,-12.503939,49.198217,NA
MTA.0055,MTA,2025-07-20,2025-07-20T15:32:14Z,838.092041,-12.503912,49.19834,NA
MTA.0056,MTA,2025-07-20,2025-07-20T15:33:40Z,840.704651,-12.503828,49.198496,NA
MTA.0057,MTA,2025-07-20,2025-07-20T15:35:09Z,837.616211,-12.503795,49.198427,NA
MTA.0058,MTA,2025-07-20,2025-07-20T15:39:39Z,833.818604,-12.503563,49.19876,NA
MTA.0059,MTA,2025-07-20,2025-07-20T15:43:15Z,829.19989,-12.50326,49.199525,NA
MTA.0060,MTA,2025-07-20,2025-07-20T15:43:54Z,828.173523,-12.503206,49.199559,NA
MTA.0061,MTA,2025-07-20,2025-07-20T15:47:18Z,827.389771,-12.503138,49.199822,NA
MTA.0062,MTA,2025-07-20,2025-07-20T15:49:58Z,823.974731,-12.502983,49.20017,NA
MTA.0063,MTA,2025-07-20,2025-07-20T15:51:25Z,824.2453,-12.502859,49.200464,NA
MTA.0064,MTA,2025-07-20,2025-07-20T15:54:41Z,823.620178,-12.502865,49.200578,NA
MTA.0065,MTA,2025-07-20,2025-07-20T15:55:02Z,823.377563,-12.502825,49.200627,NA
MTA.0066,MTA,2025-07-20,2025-07-20T15:57:35Z,822.201904,-12.502827,49.200711,NA
MTA.0067,MTA,2025-07-20,2025-07-20T16:00:51Z,820.03717,-12.502774,49.201323,NA
MTA.0068,MTA,2025-07-20,2025-07-20T16:01:17Z,820.634338,-12.502836,49.201123,NA
MTA.0069,MTA,2025-07-20,2025-07-20T16:02:31Z,817.900452,-12.502727,49.201384,NA
MTA.0070,MTA,2025-07-20,2025-07-20T16:02:53Z,820.14917,-12.502764,49.201447,NA
MTA.0071,MTA,2025-07-20,2025-07-20T16:03:31Z,819.66394,-12.502701,49.201478,NA
MTA.0072,MTA,2025-07-20,2025-07-20T16:04:32Z,815.754395,-12.502556,49.201657,NA
MTA.0073,MTA,2025-07-20,2025-07-20T16:05:08Z,816.463501,-12.502484,49.201783,NA
MTA.0074,MTA,2025-07-20,2025-07-20T16:06:34Z,814.82135,-12.502223,49.201807,NA
MTA.0075,MTA,2025-07-20,2025-07-20T16:07:59Z,810.706482,-12.501862,49.202,NA
MTA.0076,MTA,2025-07-20,2025-07-20T16:09:30Z,808.635071,-12.501671,49.202149,NA
MTA.0077,MTA,2025-07-20,2025-07-20T16:11:03Z,805.583923,-12.501266,49.202046,NA
MTA.0078,MTA,2025-07-20,2025-07-20T16:12:39Z,801.972961,-12.501019,49.202119,NA
MTA.0079,MTA,2025-07-20,2025-07-20T16:21:17Z,784.785828,-12.498632,49.203087,NA
MTA.0080,MTA,2025-07-20,2025-07-20T16:48:56Z,1054.778687,-12.526319,49.175924,NA
MTA.0081,MTA,2025-07-21,2025-07-21T02:29:51Z,1062.401855,-12.528477,49.170539,NA
MTA.0082,MTA,2025-07-21,2025-07-21T02:41:07Z,1053.696411,-12.527464,49.171909,NA
MTA.0083,MTA,2025-07-21,2025-07-21T02:51:26Z,1049.758789,-12.524902,49.172765,NA
MTA.0084,MTA,2025-07-21,2025-07-21T02:56:30Z,1047.370117,-12.525065,49.172803,NA
MTA.0085,MTA,2025-07-21,2025-07-21T03:09:30Z,1049.040405,-12.522743,49.174484,NA
MTA.0086,MTA,2025-07-21,2025-07-21T03:14:51Z,1052.446045,-12.522538,49.173648,NA
MTA.0087,MTA,2025-07-21,2025-07-21T03:20:45Z,1052.203491,-12.522499,49.173238,NA
MTA.0088,MTA,2025-07-21,2025-07-21T03:29:17Z,1044.048462,-12.523388,49.172333,NA
MTA.0089,MTA,2025-07-21,2025-07-21T03:34:54Z,1043.880493,-12.522828,49.172078,NA
MTA.0090,MTA,2025-07-21,2025-07-21T03:44:47Z,1044.673584,-12.524345,49.172598,NA
MTA.0091,MTA,2025-07-21,2025-07-21T08:27:13Z,1044.682861,-12.524412,49.172799,NA
MTA.0092,MTA,2025-07-21,2025-07-21T08:29:05Z,1045.046753,-12.524308,49.172607,NA
MTA.0093,MTA,2025-07-21,2025-07-21T08:30:11Z,1045.634644,-12.524188,49.172586,NA
MTA.0094,MTA,2025-07-21,2025-07-21T08:31:42Z,1045.298706,-12.524136,49.172503,NA
MTA.0095,MTA,2025-07-21,2025-07-21T08:33:31Z,1045.186768,-12.524115,49.172435,NA
MTA.0096,MTA,2025-07-21,2025-07-21T08:37:09Z,1045.662598,-12.523964,49.172417,NA
MTA.0097,MTA,2025-07-21,2025-07-21T08:39:08Z,1043.964478,-12.523639,49.172295,NA
MTA.0098,MTA,2025-07-21,2025-07-21T08:43:00Z,1043.469971,-12.523285,49.172168,NA
MTA.0099,MTA,2025-07-21,2025-07-21T08:45:35Z,1043.805786,-12.523206,49.172127,NA
MTA.0100,MTA,2025-07-21,2025-07-21T08:46:35Z,1045.727905,-12.52319,49.172087,NA
MTA.0101,MTA,2025-07-21,2025-07-21T08:50:24Z,1044.067139,-12.523064,49.171928,NA
MTA.0102,MTA,2025-07-21,2025-07-21T08:53:10Z,1044.608276,-12.522673,49.172218,NA
MTA.0103,MTA,2025-07-21,2025-07-21T08:54:50Z,1045.895874,-12.52274,49.172148,NA
MTA.0104,MTA,2025-07-21,2025-07-21T09:00:03Z,1047.752686,-12.523113,49.172094,NA
MTA.0105,MTA,2025-07-21,2025-07-21T09:05:19Z,1047.342163,-12.523443,49.172276,NA
MTA.0106,MTA,2025-07-21,2025-07-21T09:08:55Z,1046.381104,-12.523593,49.172298,NA
MTA.0107,MTA,2025-07-21,2025-07-21T11:14:32Z,1021.552124,-12.518831,49.172577,NA
MTA.0108,MTA,2025-07-21,2025-07-21T14:17:21Z,1024.407349,-12.518333,49.179347,NA
MTA.0109,MTA,2025-07-21,2025-07-21T14:59:15Z,767.533386,-12.494897,49.205056,NA
MTA.0110,MTA,2025-07-21,2025-07-21T15:00:41Z,766.889526,-12.494607,49.205076,NA
MTA.0111,MTA,2025-07-21,2025-07-21T15:06:53Z,760.647339,-12.494714,49.206195,NA
MTA.0112,MTA,2025-07-21,2025-07-21T15:10:14Z,760.815247,-12.495122,49.206482,NA
MTA.0113,MTA,2025-07-21,2025-07-21T15:13:04Z,756.924377,-12.495537,49.207216,NA
MTA.0114,MTA,2025-07-21,2025-07-21T15:16:44Z,750.691467,-12.49485,49.207942,NA
MTA.0115,MTA,2025-07-21,2025-07-21T15:18:22Z,747.145813,-12.494489,49.208102,NA
MTA.0116,MTA,2025-07-21,2025-07-21T15:19:41Z,746.427368,-12.494289,49.20808,NA
MTA.0117,MTA,2025-07-21,2025-07-21T15:20:42Z,744.822449,-12.494165,49.208102,NA
MTA.0118,MTA,2025-07-21,2025-07-21T15:22:11Z,744.12268099999994,-12.49393,49.208237,NA
MTA.0119,MTA,2025-07-21,2025-07-21T15:24:21Z,742.704407,-12.493834,49.208261,NA
MTA.0120,MTA,2025-07-21,2025-07-21T15:25:08Z,739.550659,-12.493666,49.208246,NA
MTA.0121,MTA,2025-07-21,2025-07-21T15:26:31Z,739.998474,-12.493496,49.208363,NA
MTA.0122,MTA,2025-07-21,2025-07-21T15:27:02Z,739.858521,-12.493403,49.208321,NA
MTA.0123,MTA,2025-07-21,2025-07-21T15:28:50Z,739.140076,-12.493257,49.208448,NA
MTA.0124,MTA,2025-07-21,2025-07-21T15:29:57Z,738.832153,-12.493156,49.208472,NA
MTA.0125,MTA,2025-07-21,2025-07-21T15:33:46Z,738.085693,-12.492836,49.208507,NA
MTA.0126,MTA,2025-07-21,2025-07-21T15:35:04Z,738.589539,-12.492645,49.208473,NA
MTA.0127,MTA,2025-07-21,2025-07-21T15:38:48Z,740.987549,-12.492443,49.207855,NA
MTA.0128,MTA,2025-07-21,2025-07-21T15:43:02Z,739.345337,-12.492276,49.207986,NA
MTA.0129,MTA,2025-07-21,2025-07-21T15:44:20Z,739.018799,-12.492131,49.20811,NA
MTA.0130,MTA,2025-07-21,2025-07-21T15:46:54Z,736.704773,-12.492068,49.20814,NA
MTA.0131,MTA,2025-07-21,2025-07-21T15:51:19Z,735.678406,-12.49191,49.208193,NA
MTA.0132,MTA,2025-07-21,2025-07-21T15:53:23Z,732.907166,-12.491838,49.208302,NA
MTA.0133,MTA,2025-07-21,2025-07-21T16:03:47Z,731.722168,-12.491606,49.208416,NA
MTA.0134,MTA,2025-07-21,2025-07-21T16:05:16Z,732.076721,-12.491541,49.208462,NA
MTA.0135,MTA,2025-07-21,2025-07-21T16:12:02Z,728.913635,-12.491519,49.208743,NA
MTA.0136,MTA,2025-07-21,2025-07-21T16:13:30Z,728.559082,-12.491725,49.208871,NA
MTA.0137,MTA,2025-07-21,2025-07-21T16:21:23Z,729.37085,-12.492258,49.208752,NA
MTA.0138,MTA,2025-07-22,2025-07-22T03:31:31Z,1053.565674,-12.52845,49.1709,NA
MTA.0139,MTA,2025-07-22,2025-07-22T07:50:04Z,1047.09021,-12.525097,49.172896,NA
MTA.0140,MTA,2025-07-22,2025-07-22T07:56:14Z,1045.373413,-12.52502,49.172793,NA
MTA.0141,MTA,2025-07-22,2025-07-22T08:01:47Z,1045.933228,-12.524973,49.172808,NA
MTA.0142,MTA,2025-07-22,2025-07-22T08:03:55Z,1046.418457,-12.524866,49.172724,NA
MTA.0143,MTA,2025-07-22,2025-07-22T08:06:15Z,1046.866333,-12.524729,49.172804,NA
MTA.0144,MTA,2025-07-22,2025-07-22T08:07:46Z,1046.278442,-12.524775,49.172792,NA
MTA.0145,MTA,2025-07-22,2025-07-22T08:10:08Z,1044.692261,-12.524715,49.172723,NA
MTA.0146,MTA,2025-07-22,2025-07-22T08:11:02Z,1045.830566,-12.524657,49.172707,NA
MTA.0147,MTA,2025-07-22,2025-07-22T08:11:41Z,1044.813599,-12.524592,49.172717,NA
MTA.0148,MTA,2025-07-22,2025-07-22T08:13:25Z,1045.17749,-12.524635,49.172703,NA
MTA.0149,MTA,2025-07-22,2025-07-22T14:02:52Z,780.969543,-12.49539,49.204176,NA
MTA.0150,MTA,2025-07-22,2025-07-22T15:01:20Z,733.980225,-12.491312,49.20853,NA
MTA.0151,MTA,2025-07-22,2025-07-22T15:06:37Z,722.81134,-12.489565,49.207086,NA
MTA.0152,MTA,2025-07-22,2025-07-22T15:10:36Z,718.79919400000006,-12.488834,49.207419,NA
MTA.0153,MTA,2025-07-22,2025-07-22T15:14:24Z,715.001587,-12.488198,49.207842,NA
MTA.0154,MTA,2025-07-22,2025-07-22T15:16:32Z,712.52893099999994,-12.487812,49.20814,NA
MTA.0155,MTA,2025-07-22,2025-07-22T15:22:40Z,704.747131,-12.486486,49.207848,NA
MTA.0156,MTA,2025-07-22,2025-07-22T15:30:05Z,699.437988,-12.486242,49.208458,NA
MTA.0157,MTA,2025-07-22,2025-07-22T15:33:34Z,693.251709,-12.485547,49.20865,NA
MTA.0158,MTA,2025-07-22,2025-07-22T15:37:34Z,686.598938,-12.485014,49.209145,NA
MTA.0159,MTA,2025-07-22,2025-07-22T15:41:44Z,681.541748,-12.484481,49.209356,NA
MTA.0160,MTA,2025-07-22,2025-07-22T15:44:05Z,674.683655,-12.483766,49.209275,NA
MTA.0161,MTA,2025-07-22,2025-07-22T15:44:06Z,674.683655,-12.483766,49.209275,NA
MTA.0162,MTA,2025-07-22,2025-07-22T15:48:31Z,665.996765,-12.482428,49.209244,NA
MTA.0163,MTA,2025-07-22,2025-07-22T15:51:00Z,661.909973,-12.481828,49.20933,NA
MTA.0164,MTA,2025-07-22,2025-07-22T15:55:50Z,657.160645,-12.480872,49.20936,NA
MTA.0165,MTA,2025-07-22,2025-07-22T16:00:18Z,661.07019,-12.481772,49.209471,NA
MTA.0166,MTA,2025-07-22,2025-07-22T16:02:41Z,656.5448,-12.481239,49.209734,NA
MTA.0167,MTA,2025-07-22,2025-07-22T16:12:21Z,635.961304,-12.479696,49.212495,NA
MTA.0168,MTA,2025-07-22,2025-07-22T16:20:28Z,632.630249,-12.479942,49.213367,NA
MTA.0169,MTA,2025-07-22,2025-07-22T16:21:17Z,631.603882,-12.479994,49.213447,NA
MTA.0170,MTA,2025-07-22,2025-07-22T16:22:44Z,629.924316,-12.480026,49.213505,NA
MTA.0171,MTA,2025-07-22,2025-07-22T16:24:37Z,630.27887,-12.480108,49.213785,NA
MTA.0172,MTA,2025-07-23,2025-07-23T07:55:17Z,1070.780884,-12.528257,49.17153,NA
MTA.0173,MTA,2025-07-23,2025-07-23T07:57:25Z,1067.916382,-12.527983,49.171718,NA
MTA.0174,MTA,2025-07-23,2025-07-23T08:00:42Z,1069.026733,-12.527906,49.171749,NA
MTA.0175,MTA,2025-07-23,2025-07-23T08:04:55Z,1068.354858,-12.527841,49.171696,NA
MTA.0176,MTA,2025-07-23,2025-07-23T08:11:01Z,1073.374756,-12.528482,49.170464,NA
MTA.0177,MTA,2025-07-23,2025-07-23T08:16:18Z,1073.505371,-12.528484,49.170579,NA
MTA.0178,MTA,2025-07-23,2025-07-23T15:11:07Z,636.185242,-12.478099,49.217481,NA
MTA.0179,MTA,2025-07-23,2025-07-23T15:11:47Z,636.446472,-12.478004,49.217529,NA
MTA.0180,MTA,2025-07-23,2025-07-23T15:13:09Z,634.598999,-12.477821,49.217802,NA
MTA.0181,MTA,2025-07-23,2025-07-23T15:14:40Z,633.162109,-12.477644,49.217866,NA
MTA.0182,MTA,2025-07-23,2025-07-23T15:16:38Z,628.702026,-12.477007,49.21827,NA
MTA.0183,MTA,2025-07-23,2025-07-23T15:22:19Z,616.142883,-12.47635,49.21986,NA
MTA.0184,MTA,2025-07-23,2025-07-23T15:50:05Z,1018.874207,-12.51386,49.182078,NA
MTA.0185,MTA,2025-07-23,2025-07-23T15:53:50Z,1028.634155,-12.515081,49.181242,NA
MTA.0186,MTA,2025-07-23,2025-07-23T16:01:54Z,1026.488037,-12.515193,49.180872,NA
MTA.0187,MTA,2025-07-23,2025-07-23T16:04:33Z,1021.1695559999999,-12.515816,49.180528,NA
MTA.0188,MTA,2025-07-23,2025-07-23T16:08:03Z,1024.649902,-12.517265,49.180048,NA
MTA.0189,MTA,2025-07-23,2025-07-23T16:11:19Z,1029.875122,-12.517454,49.179921,NA
MTA.0190,MTA,2025-07-23,2025-07-23T16:17:07Z,1043.917847,-12.518795,49.178941,NA
MTA.0191,MTA,2025-07-23,2025-07-23T16:17:54Z,1043.255371,-12.518884,49.178925,NA
MTA.0192,MTA,2025-07-23,2025-07-23T16:19:04Z,1046.838257,-12.519075,49.178854,NA
MTA.0193,MTA,2025-07-23,2025-07-23T16:24:07Z,1061.786011,-12.520556,49.178976,NA
MTA.0194,MTA,2025-07-23,2025-07-23T16:26:20Z,1068.597534,-12.521341,49.179077,NA
MTA.0195,MTA,2025-07-23,2025-07-23T16:35:02Z,1091.019165,-12.524105,49.177513,NA
MTA.0196,MTA,2025-07-23,2025-07-23T16:40:55Z,1086.251099,-12.525909,49.175864,NA
MTA.0197,MTA,2025-07-23,2025-07-23T16:41:00Z,1083.507935,-12.525909,49.175864,NA
MTA.0198,MTA,2025-07-23,2025-07-23T16:43:01Z,1083.004028,-12.525165,49.175847,NA
MTA.0199,MTA,2025-07-23,2025-07-23T16:46:09Z,1084.301025,-12.52505,49.175854,NA
MTA.0200,MTA,2025-07-24,2025-07-24T02:37:37Z,1087.109619,-12.524504,49.173039,NA
MTA.0201,MTA,2025-07-24,2025-07-24T02:40:35Z,1086.381714,-12.524267,49.173079,NA
MTA.0202,MTA,2025-07-24,2025-07-24T02:46:12Z,1086.531006,-12.523892,49.173064,NA
MTA.0203,MTA,2025-07-24,2025-07-24T02:46:39Z,1086.764282,-12.523796,49.173044,NA
MTA.0204,MTA,2025-07-24,2025-07-24T02:49:30Z,1089.750122,-12.52401,49.173103,NA
MTA.0205,MTF,2025-07-25,2025-07-25T05:47:03Z,160.96376,-12.334242,49.359253,NA
MTA.0206,MTF,2025-07-25,2025-07-25T05:47:09Z,161.691559,-12.334252,49.359252,NA
MTA.0207,MTF,2025-07-25,2025-07-25T05:48:25Z,160.217316,-12.334072,49.359181,NA
MTF.0001,MTF,2025-07-25,2025-07-25T05:49:01Z,161.756866,-12.334077,49.359149,NA
MTF.0002,MTF,2025-07-25,2025-07-25T05:51:35Z,160.226639,-12.334253,49.359264,NA
MTF.0003,MTF,2025-07-25,2025-07-25T06:35:44Z,163.352417,-12.34581,49.356407,NA
MTF.0004,MTF,2025-07-25,2025-07-25T07:48:06Z,257.303162,-12.329883,49.348255,NA
MTF.0005,MTF,2025-07-25,2025-07-25T07:51:08Z,258.945343,-12.32988,49.348213,NA
MTF.0006,MTF,2025-07-25,2025-07-25T07:54:44Z,259.71048,-12.330292,49.349054,NA
MTF.0007,MTF,2025-07-25,2025-07-25T07:56:48Z,257.405792,-12.330528,49.349973,NA
MTF.0008,MTF,2025-07-25,2025-07-25T07:59:56Z,260.904816,-12.330558,49.350943,NA
MTF.0009,MTF,2025-07-25,2025-07-25T08:03:15Z,257.265839,-12.331194,49.351633,NA
MTF.0010,MTF,2025-07-25,2025-07-25T08:05:32Z,252.591156,-12.331624,49.352463,NA
MTF.0011,MTF,2025-07-25,2025-07-25T08:08:21Z,252.339233,-12.332529,49.352809,NA
MTF.0012,MTF,2025-07-25,2025-07-25T08:13:44Z,251.05159,-12.333331,49.35327,NA
MTF.0013,MTF,2025-07-25,2025-07-25T08:16:21Z,238.940353,-12.333979,49.35393,NA
MTF.0014,MTF,2025-07-25,2025-07-25T08:20:10Z,209.39006,-12.334389,49.354777,NA
MTF.0015,MTF,2025-07-25,2025-07-25T08:24:04Z,202.989197,-12.334539,49.355691,NA
MTF.0016,MTF,2025-07-25,2025-07-25T08:27:41Z,191.904343,-12.334745,49.356626,NA
MTF.0017,MTF,2025-07-25,2025-07-25T08:31:40Z,179.709122,-12.334557,49.357561,NA
MTF.0018,MTF,2025-07-25,2025-07-25T08:35:15Z,177.189835,-12.334291,49.358509,NA
MTF.0019,MTF,2025-07-25,2025-07-25T08:42:35Z,167.709854,-12.334145,49.359417,NA
MTF.0020,MTF,2025-07-25,2025-07-25T08:45:02Z,165.330521,-12.333581,49.360166,NA
MTF.0021,MTF,2025-07-25,2025-07-25T08:48:49Z,161.066406,-12.33286,49.360347,NA
MTF.0022,MTF,2025-07-25,2025-07-25T14:50:22Z,186.977737,-12.334513,49.357551,NA
MTF.0023,MTF,2025-07-25,2025-07-25T14:59:31Z,201.598923,-12.334438,49.356501,NA
MTF.0024,MTF,2025-07-25,2025-07-25T15:02:07Z,212.693115,-12.334334,49.355872,NA
MTF.0025,MTF,2025-07-25,2025-07-25T15:05:52Z,216.472046,-12.334294,49.355101,NA
MTF.0026,MTF,2025-07-25,2025-07-25T15:21:12Z,259.12265,-12.332852,49.352968,NA
MTF.0027,MTF,2025-07-25,2025-07-25T16:01:49Z,279.379578,-12.330047,49.343287,NA
MTF.0028,MTF,2025-07-25,2025-07-25T16:18:02Z,260.438263,-12.330346,49.348998,NA
MTF.0029,MTF,2025-07-26,2025-07-26T02:04:15Z,176.555344,-12.334304,49.358506,NA
MTF.0030,MTF,2025-07-26,2025-07-26T02:08:29Z,180.912781,-12.334446,49.357578,NA
MTF.0031,MTF,2025-07-26,2025-07-26T02:12:13Z,183.898605,-12.334739,49.357055,NA
MTF.0032,MTF,2025-07-26,2025-07-26T02:17:09Z,195.356689,-12.334589,49.356248,NA
MTF.0033,MTF,2025-07-26,2025-07-26T02:25:17Z,204.528763,-12.334537,49.355754,NA
MTF.0034,MTF,2025-07-26,2025-07-26T02:52:58Z,241.851532,-12.333545,49.353855,NA
MTF.0035,MTF,2025-07-26,2025-07-26T02:57:01Z,249.642654,-12.332472,49.353233,NA
MTF.0036,MTF,2025-07-26,2025-07-26T03:01:16Z,253.972092,-12.331597,49.352385,NA
MTF.0037,MTF,2025-07-26,2025-07-26T03:10:42Z,256.873932,-12.330084,49.348906,NA
MTF.0038,MTF,2025-07-26,2025-07-26T03:13:50Z,259.262604,-12.329882,49.348272,NA
MTF.0039,MTF,2025-07-26,2025-07-26T05:02:31Z,144.840332,-12.334093,49.35828,NA
MTF.0040,MTF,2025-07-26,2025-07-26T05:05:17Z,143.785965,-12.334343,49.358045,NA
MTF.0041,MTF,2025-07-26,2025-07-26T05:06:12Z,145.213562,-12.334272,49.358022,NA
MTF.0042,MTF,2025-07-26,2025-07-26T07:59:38Z,187.453598,-12.334606,49.355724,NA
MTF.0043,MTF,2025-07-26,2025-07-26T08:04:25Z,196.588348,-12.334293,49.354591,NA
MTF.0044,MTF,2025-07-26,2025-07-26T08:55:10Z,237.167526,-12.333378,49.353284,NA
MTF.0045,MTF,2025-07-26,2025-07-26T15:37:45Z,236.075836,-12.333049,49.353389,NA
MTF.0046,MTF,2025-07-26,2025-07-26T15:42:25Z,236.075836,-12.332564,49.353327,NA
MTF.0047,MTF,2025-07-26,2025-07-26T15:45:28Z,235.87056,-12.332904,49.353215,NA
MTF.0048,MTF,2025-07-26,2025-07-26T15:51:40Z,233.976425,-12.332861,49.353097,NA
MTF.0049,MTF,2025-07-26,2025-07-26T16:09:23Z,156.531693,-12.334382,49.358243,NA
MTF.0050,MTF,2025-07-26,2025-07-26T16:13:00Z,157.744675,-12.334406,49.357995,NA
MTF.0051,MTF,2025-07-26,2025-07-26T16:27:34Z,144.233841,-12.333753,49.360553,NA
MTF.0052,MTF,2025-07-26,2025-07-26T16:35:42Z,141.182693,-12.333348,49.360998,NA
MTF.0053,MTF,2025-07-26,2025-07-26T16:40:50Z,139.857742,-12.333133,49.361127,NA
MTF.0054,MTF,2025-07-26,2025-07-26T16:43:43Z,139.512497,-12.332984,49.361192,NA
MTF.0055,MTF,2025-07-26,2025-07-26T16:46:48Z,139.605804,-12.333442,49.360368,NA
MTF.0056,MTF,2025-07-26,2025-07-26T17:43:30Z,140.594864,-12.334033,49.359435,NA
MTF.0057,MTF,2025-07-26,2025-07-26T18:25:45Z,109.085121,-12.325335,49.367107,NA
MTF.0058,MTF,2025-07-26,2025-07-26T18:31:18Z,104.653038,-12.324381,49.36706,NA
MTF.0059,MTF,2025-07-26,2025-07-26T18:34:35Z,103.635994,-12.323756,49.366744,NA
MTF.0060,MTF,2025-07-26,2025-07-26T18:42:26Z,141.220016,-12.313177,49.359202,NA
MTF.0061,MTF,2025-07-26,2025-07-26T18:43:06Z,139.839081,-12.312835,49.35923,NA
MTF.0062,MTF,2025-07-27,2025-07-27T00:04:17Z,169.370712,-12.317666,49.361661,NA
MTF.0063,MTF,2025-07-27,2025-07-27T00:17:25Z,125.11525,-12.330129,49.365739,NA
MTF.0064,MTF,2025-07-27,2025-07-27T00:22:13Z,126.057648,-12.332511,49.364814,NA
MTF.0065,MTF,2025-07-27,2025-07-27T14:52:09Z,151.101227,-12.310435,49.35932,NA
MTF.0066,MTF,2025-07-27,2025-07-27T15:14:27Z,NA,-12.322094,49.390526,NA
MTF.0067,MTF,2025-07-27,2025-07-27T15:14:52Z,123.557022,-12.32222,49.392151,NA
MTF.0068,MTF,2025-07-27,2025-07-27T15:18:11Z,113.834442,-12.32297,49.394855,NA
MTF.0069,MTF,2025-07-27,2025-07-27T15:28:28Z,104.027885,-12.329259,49.399746,NA
MTF.0070,MTF,2025-07-27,2025-07-27T15:31:24Z,103.794617,-12.329357,49.399849,NA
MTF.0071,MTF,2025-07-27,2025-07-27T15:37:29Z,102.590958,-12.330938,49.40063,NA
MTF.0072,MTF,2025-07-27,2025-07-27T15:40:23Z,100.491547,-12.331329,49.400682,NA
MTF.0073,MTF,2025-07-27,2025-07-27T16:04:14Z,100.332932,-12.331125,49.400626,NA
MTF.0074,MTF,2025-07-27,2025-07-27T16:08:04Z,98.951988,-12.330707,49.400585,NA
MTF.0075,MTF,2025-07-27,2025-07-27T16:16:03Z,106.621819,-12.323647,49.395526,NA
MTF.0076,MTF,2025-07-27,2025-07-27T16:19:11Z,107.023033,-12.323011,49.394804,NA
MTF.0077,MTF,2025-07-27,2025-07-27T16:33:52Z,166.730133,-12.315164,49.359912,NA
MTF.0078,MTF,2025-07-28,2025-07-28T13:49:44Z,199.648819,-12.334762,49.356023,NA
MTF.0079,MTF,2025-07-28,2025-07-28T13:54:46Z,206.264267,-12.334446,49.35482,NA
MTF.0080,MTF,2025-07-28,2025-07-28T13:57:21Z,207.113373,-12.334363,49.354753,NA
MTF.0081,MTF,2025-07-28,2025-07-28T14:01:15Z,209.436707,-12.33433,49.354623,NA
MTF.0082,MTF,2025-07-28,2025-07-28T14:06:06Z,245.817078,-12.333457,49.353355,NA
MTF.0083,MTF,2025-07-28,2025-07-28T14:08:29Z,247.337982,-12.333074,49.353062,NA
MTF.0084,MTF,2025-07-28,2025-07-28T14:10:46Z,246.880768,-12.332482,49.353236,NA
MTF.0085,MTF,2025-07-28,2025-07-28T14:12:53Z,245.070618,-12.332851,49.353354,NA
MTF.0086,MTF,2025-07-28,2025-07-28T16:22:15Z,NA,-12.318128,49.362963,NA
MTF.0087,MTF,2025-07-28,2025-07-28T16:26:18Z,94.687859,-12.334321,49.40125,NA
MTF.0088,MTF,2025-07-28,2025-07-28T16:40:33Z,94.641205,-12.33491,49.401145,NA
MTF.0089,MTF,2025-07-28,2025-07-28T16:45:38Z,96.096794,-12.337963,49.401904,NA
MTF.0090,MTF,2025-07-28,2025-07-28T16:50:00Z,94.389275,-12.334773,49.401122,NA
MTF.0091,MTF,2025-07-28,2025-07-28T16:53:43Z,93.997391,-12.332314,49.400812,NA
MTF.0092,MTF,2025-07-28,2025-07-28T16:59:55Z,94.45459,-12.325984,49.398315,NA
MTF.0093,MTF,2025-07-28,2025-07-28T17:08:51Z,120.72049,-12.315639,49.378271,NA
MTF.0094,MTF,2025-07-29,2025-07-29T08:15:14Z,220.586884,-12.333481,49.354862,NA
MTF.0095,MTF,2025-07-29,2025-07-29T15:57:18Z,110.335434,-12.33903,49.408129,NA
MTF.0096,MTF,2025-07-29,2025-07-29T15:59:40Z,109.831573,-12.338795,49.40737,NA
MTF.0097,MTF,2025-07-29,2025-07-29T16:01:10Z,110.16748,-12.338811,49.407477,NA
MTF.0098,MTF,2025-07-29,2025-07-29T16:05:29Z,106.071304,-12.338285,49.405093,NA
MTF.0099,MTF,2025-07-29,2025-07-29T16:14:44Z,105.184891,-12.334276,49.401273,NA
MTF.0100,MTF,2025-07-29,2025-07-29T16:17:55Z,105.782051,-12.333512,49.401176,NA
MTF.0101,MTF,2025-07-29,2025-07-29T16:21:40Z,104.363785,-12.331842,49.400717,NA
MTF.0102,MTF,2025-07-29,2025-07-29T16:22:21Z,103.971901,-12.331814,49.400686,NA
MTF.0103,MTF,2025-07-29,2025-07-29T16:32:53Z,110.316772,-12.324149,49.396682,NA
MTF.0104,MTF,2025-07-30,2025-07-30T06:28:12Z,400.268005,-12.326827,49.337828,NA
MTF.0105,MTF,2025-07-30,2025-07-30T16:05:43Z,116.167114,-12.338227,49.405287,NA
MTF.0106,MTF,2025-07-30,2025-07-30T16:19:28Z,118.182541,-12.340186,49.410019,NA
MTF.0107,MTF,2025-07-30,2025-07-30T16:23:34Z,120.067345,-12.339504,49.409193,NA
MTF.0108,MTF,2025-07-30,2025-07-30T16:26:23Z,119.63813,-12.338904,49.408006,NA
MTF.0109,MTF,2025-07-30,2025-07-30T16:28:02Z,118.677071,-12.338875,49.408054,NA
MTF.0110,MTF,2025-07-30,2025-07-30T16:35:17Z,115.569946,-12.338223,49.406101,NA
MTF.0111,MTF,2025-07-30,2025-07-30T16:37:15Z,NA,-12.338874,49.408056,NA
MTF.0112,MTF,2025-07-30,2025-07-30T16:37:18Z,113.619835,-12.338269,49.405719,NA
MTF.0113,MTF,2025-07-30,2025-07-30T16:40:56Z,118.42514,-12.338311,49.404647,NA
MTF.0114,MTF,2025-07-30,2025-07-30T16:45:34Z,115.48597,-12.338218,49.403734,NA
MTF.0115,MTF,2025-07-30,2025-07-30T16:48:25Z,113.517197,-12.337653,49.403967,NA
MTF.0116,MTF,2025-07-30,2025-07-30T17:09:19Z,NA,-12.319598,49.388986,NA
MTF.0117,MTF,2025-07-30,2025-07-30T17:13:40Z,NA,-12.319598,49.388986,NA
MTF.0118,MTF,2025-07-30,2025-07-30T17:17:25Z,NA,-12.319591,49.388993,NA
MTF.0119,MTF,2025-07-30,2025-07-30T17:24:20Z,NA,-12.319591,49.388993,NA
MTF.0120,MTF,2025-07-30,2025-07-30T17:29:01Z,NA,-12.319591,49.388993,NA
MTF.0121,MTF,2025-07-30,2025-07-30T17:45:34Z,174.623901,-12.313927,49.359279,NA
MTF.0122,MTF,2025-07-30,2025-07-30T17:49:33Z,181.752548,-12.315697,49.360086,NA
MTF.0123,MTF,2025-07-30,2025-07-30T17:52:51Z,184.841003,-12.317547,49.36131,NA
MTF.0124,MTF,2025-07-30,2025-07-30T18:12:27Z,172.804413,-12.334127,49.359126,NA
MTF.0125,MTF,2025-07-31,2025-07-31T13:41:37Z,311.551788,-12.329207,49.341696,NA
MTF.0126,MTF,2025-07-31,2025-07-31T14:41:13Z,281.65625,-12.332034,49.352739,NA
MTF.0127,MTF,2025-07-31,2025-07-31T15:43:14Z,NA,-12.319574,49.388976,NA
MTF.0128,MTF,2025-07-31,2025-07-31T15:50:45Z,153.685822,-12.319578,49.389017,NA
MTF.0129,MTF,2025-07-31,2025-07-31T16:08:33Z,161.626236,-12.318629,49.387216,NA
MTF.0130,MTF,2025-07-31,2025-07-31T16:14:59Z,165.190567,-12.31819,49.385497,NA
MTF.0131,MTF,2025-07-31,2025-07-31T16:17:54Z,164.938644,-12.318048,49.385012,NA
MTF.0132,MTF,2025-07-31,2025-07-31T16:24:40Z,154.180344,-12.314914,49.376962,NA
MTF.0133,MTF,2025-07-31,2025-07-31T16:25:50Z,154.06839,-12.31489,49.377075,NA
MTF.0134,MTF,2025-07-31,2025-07-31T16:39:59Z,158.612427,-12.314428,49.374243,NA
MTF.0135,MTF,2025-07-31,2025-07-31T16:45:40Z,153.1633,-12.314561,49.375248,NA
MTF.0136,MTF,2025-07-31,2025-07-31T16:49:00Z,153.797791,-12.314983,49.377265,NA
MTF.0137,MTF,2025-07-31,2025-07-31T16:53:07Z,153.82579,-12.315385,49.377679,NA
MTF.0138,MTF,2025-07-31,2025-07-31T16:57:17Z,151.371811,-12.315617,49.378224,NA
MTF.0139,MTF,2025-07-31,2025-07-31T17:03:27Z,155.439987,-12.316675,49.380884,NA
MTF.0140,MTF,2025-07-31,2025-07-31T17:13:10Z,156.261093,-12.318538,49.386789,NA
MTF.0141,MTF,2025-07-31,2025-07-31T17:18:26Z,142.983521,-12.319773,49.389084,NA
MTF.0142,MTF,2025-07-31,2025-07-31T17:21:50Z,149.916229,-12.319084,49.388425,NA
MTF.0143,MTF,2025-07-31,2025-07-31T17:25:25Z,144.93364,-12.320469,49.389559,NA
MTF.0144,MTF,2025-07-31,2025-07-31T17:30:39Z,134.399277,-12.321739000000001,49.391249,NA
MTF.0145,MTF,2025-07-31,2025-07-31T17:35:17Z,131.105545,-12.3223,49.393034,NA
MTF.0146,MTF,2025-07-31,2025-07-31T17:43:34Z,121.970802,-12.325461,49.397886,NA
MTF.0147,MTF,2025-07-31,2025-07-31T17:46:43Z,121.970802,-12.325593,49.398121,NA
MAK.C.0001,MAK,2025-08-13,2025-08-13T15:30:02Z,323.429779,-20.746801,45.541261,GPS.C
MAK.F.0001,MAK,2025-08-13,2025-08-13T15:45:01Z,464.845734,-20.74559,45.541335,GPS.F
MAK.C.0002,MAK,2025-08-13,2025-08-13T15:46:44Z,320.17337,-20.746733,45.541433,GPS.C
MAK.F.0002,MAK,2025-08-13,2025-08-13T15:47:52Z,464.929718,-20.745435,45.541354,GPS.F
MAK.F.0003,MAK,2025-08-13,2025-08-13T15:51:07Z,462.186493,-20.745619,45.541208,GPS.F
MAK.C.0003,MAK,2025-08-13,2025-08-13T15:53:06Z,320.60257,-20.746489,45.541147,GPS.C
MAK.F.0004,MAK,2025-08-13,2025-08-13T15:55:26Z,465.153656,-20.745702,45.541152,GPS.F
MAK.F.0005,MAK,2025-08-14,2025-08-14T07:36:35Z,440.250031,-20.745542,45.541325,GPS.F
MAK.F.0006,MAK,2025-08-14,2025-08-14T07:47:52Z,442.069519,-20.746051,45.540539,GPS.F
MAK.F.0007,MAK,2025-08-14,2025-08-14T07:54:23Z,444.019623,-20.746917,45.540272,GPS.F
MAK.F.0008,MAK,2025-08-14,2025-08-14T07:57:01Z,445.176636,-20.747795,45.540455,GPS.F
MAK.F.0009,MAK,2025-08-14,2025-08-14T08:00:47Z,445.727142,-20.748729,45.540717,GPS.F
MAK.F.0010,MAK,2025-08-14,2025-08-14T08:03:21Z,446.809509,-20.749641,45.540594,GPS.F
MAK.F.0011,MAK,2025-08-14,2025-08-14T08:06:12Z,447.835876,-20.75051,45.54033,GPS.F
MAK.F.0012,MAK,2025-08-14,2025-08-14T08:08:42Z,448.059814,-20.751418,45.540276,GPS.F
MAK.F.0013,MAK,2025-08-14,2025-08-14T08:11:16Z,448.992889,-20.752204,45.539812,GPS.F
MAK.F.0014,MAK,2025-08-14,2025-08-14T08:14:19Z,450.420471,-20.75278,45.539051,GPS.F
MAK.F.0015,MAK,2025-08-14,2025-08-14T08:17:56Z,450.467133,-20.753317,45.538255,GPS.F
MAK.F.0016,MAK,2025-08-14,2025-08-14T08:29:05Z,449.235474,-20.750279,45.540528,GPS.F
MAK.F.0017,MAK,2025-08-14,2025-08-14T08:34:06Z,449.646027,-20.748587,45.540657,GPS.F
MAK.F.0018,MAK,2025-08-14,2025-08-14T08:38:26Z,449.869965,-20.747677,45.54036,GPS.F
MAK.F.0019,MAK,2025-08-14,2025-08-14T08:42:45Z,449.720673,-20.746307,45.540327,GPS.F
MAK.F.0020,MAK,2025-08-14,2025-08-14T08:49:21Z,449.599396,-20.745409,45.541472,GPS.F
MAK.C.0004,MAK,2025-08-14,2025-08-14T12:42:46Z,329.382751,-20.750267,45.5406,GPS.C
MAK.F.0021,MAK,2025-08-14,2025-08-14T14:29:29Z,481.659637,-20.76146,45.529724,GPS.F
MAK.F.0022,MAK,2025-08-14,2025-08-14T14:44:03Z,478.337921,-20.761316,45.529757,GPS.F
MAK.F.0023,MAK,2025-08-14,2025-08-14T14:44:50Z,479.485596,-20.761273,45.529807,GPS.F
MAK.F.0024,MAK,2025-08-14,2025-08-14T15:06:40Z,479.998779,-20.761037,45.529938,GPS.F
MAK.F.0025,MAK,2025-08-14,2025-08-14T15:16:18Z,479.103027,-20.760379,45.530593,GPS.F
MAK.F.0026,MAK,2025-08-14,2025-08-14T15:22:44Z,478.76712,-20.759947,45.530643,GPS.F
MAK.F.0027,MAK,2025-08-14,2025-08-14T15:26:33Z,478.44989,-20.759885,45.530732,GPS.F
MAK.F.0028,MAK,2025-08-14,2025-08-14T15:35:55Z,476.705048,-20.758817,45.531709,GPS.F
MAK.F.0029,MAK,2025-08-14,2025-08-14T15:38:30Z,476.397125,-20.75874,45.531806,GPS.F
MAK.F.0030,MAK,2025-08-14,2025-08-14T15:43:56Z,475.911926,-20.758457,45.532082,GPS.F
MAK.F.0031,MAK,2025-08-14,2025-08-14T16:01:56Z,471.386536,-20.75442,45.534787,GPS.F
MAK.C.0005,MAK,2025-08-14,2025-08-14T16:08:10Z,324.194885,-20.753346,45.537854,GPS.C
MAK.C.0006,MAK,2025-08-14,2025-08-14T16:22:36Z,321.498322,-20.751864,45.539744,GPS.C
MAK.C.0007,MAK,2025-08-14,2025-08-14T16:49:22Z,317.840698,-20.74719,45.540929,GPS.C
MAK.C.0008,MAK,2025-08-14,2025-08-14T16:55:20Z,316.851624,-20.746689,45.540851,GPS.C
MAK.C.0009,MAK,2025-08-14,2025-08-14T17:00:10Z,317.383484,-20.746659,45.54091,GPS.C
MAK.C.0010,MAK,2025-08-14,2025-08-14T17:06:22Z,316.609039,-20.746649,45.540784,GPS.C
MAK.C.0011,MAK,2025-08-15,2025-08-15T16:28:26Z,345.63681,-20.747302,45.540417,GPS.C
MAK.C.0012,MAK,2025-08-15,2025-08-15T16:42:49Z,343.360138,-20.74676,45.540571,GPS.C
MAK.C.0013,MAK,2025-08-15,2025-08-15T16:49:02Z,343.033539,-20.746659,45.540799,GPS.C
MAK.C.0014,MAK,2025-08-15,2025-08-15T16:53:20Z,341.549957,-20.746302,45.540756,GPS.C
MAK.C.0015,MAK,2025-08-15,2025-08-15T16:57:56Z,340.672882,-20.746268,45.540759,GPS.C
MAK.C.0016,MAK,2025-08-15,2025-08-15T16:59:20Z,339.721161,-20.746187,45.540777,GPS.C
MAK.C.0017,MAK,2025-08-15,2025-08-15T17:02:44Z,339.907776,-20.746101,45.540883,GPS.C
MAK.C.0018,MAK,2025-08-15,2025-08-15T17:04:57Z,341.979187,-20.746065,45.540936,GPS.C
MAK.C.0019,MAK,2025-08-16,2025-08-16T13:44:42Z,375.672302,-20.747218,45.527331,GPS.C
MAK.C.0020,MAK,2025-08-16,2025-08-16T13:58:35Z,370.885681,-20.744945,45.526347,GPS.C
MAK.F.0032,MAK,2025-08-16,2025-08-16T15:20:04Z,516.136536,-20.747748,45.527469,GPS.F
MAK.F.0033,MAK,2025-08-16,2025-08-16T15:24:29Z,516.06189,-20.74775,45.527436,GPS.F
MAK.F.0034,MAK,2025-08-16,2025-08-16T15:31:09Z,515.931274,-20.747682,45.527426,GPS.F
MAK.F.0035,MAK,2025-08-16,2025-08-16T15:34:30Z,516.817688,-20.748301,45.527352,GPS.F
MAK.F.0036,MAK,2025-08-16,2025-08-16T15:41:16Z,516.649719,-20.748501,45.527246,GPS.F
MAK.F.0037,MAK,2025-08-16,2025-08-16T15:45:03Z,516.407166,-20.74862,45.527261,GPS.F
MAK.F.0038,MAK,2025-08-16,2025-08-16T15:48:52Z,516.024597,-20.748898,45.527036,GPS.F
MAK.F.0039,MAK,2025-08-16,2025-08-16T15:51:14Z,515.781982,-20.749099,45.526948,GPS.F
MAK.C.0021,MAK,2025-08-16,2025-08-16T15:52:35Z,379.889771,-20.750591,45.52549,GPS.C
MAK.F.0040,MAK,2025-08-16,2025-08-16T15:54:31Z,514.503662,-20.749206,45.526556,GPS.F
MAK.F.0041,MAK,2025-08-16,2025-08-16T15:58:54Z,514.457031,-20.749475,45.526058,GPS.F
MAK.F.0042,MAK,2025-08-16,2025-08-16T16:00:36Z,514.643616,-20.749746,45.52592,GPS.F
MAK.C.0022,MAK,2025-08-16,2025-08-16T16:14:20Z,380.897491,-20.751694,45.523973,GPS.C
MAK.F.0043,MAK,2025-08-17,2025-08-17T15:10:25Z,502.429749,-20.736151,45.518859,GPS.F
MAK.C.0023,MAK,2025-08-17,2025-08-17T15:15:29Z,365.679138,-20.735384,45.519186,GPS.C
MAK.C.0024,MAK,2025-08-17,2025-08-17T15:21:23Z,367.517273,-20.734059,45.519184,GPS.C
MAK.F.0044,MAK,2025-08-17,2025-08-17T15:24:57Z,496.448792,-20.736736,45.520217,GPS.F
MAK.F.0045,MAK,2025-08-17,2025-08-17T15:30:28Z,494.480011,-20.7373,45.52069,GPS.F
MAK.C.0025,MAK,2025-08-17,2025-08-17T15:33:26Z,368.151764,-20.733048,45.519135,GPS.C
MAK.F.0046,MAK,2025-08-17,2025-08-17T15:34:11Z,492.847137,-20.737706,45.520734,GPS.F
MAK.C.0026,MAK,2025-08-17,2025-08-17T15:39:55Z,366.266968,-20.732746,45.51911,GPS.C
MAK.C.0027,MAK,2025-08-17,2025-08-17T15:43:31Z,365.343231,-20.733122,45.519108,GPS.C
MAK.F.0047,MAK,2025-08-17,2025-08-17T15:46:24Z,485.028015,-20.738555,45.520625,GPS.F
MAK.C.0028,MAK,2025-08-17,2025-08-17T15:47:52Z,365.557831,-20.733759,45.519196,GPS.C
MAK.F.0048,MAK,2025-08-17,2025-08-17T15:51:33Z,483.068573,-20.738791,45.520512,GPS.F
MAK.F.0049,MAK,2025-08-17,2025-08-17T15:54:47Z,482.266144,-20.739001,45.520366,GPS.F
MAK.F.0050,MAK,2025-08-17,2025-08-17T16:00:49Z,480.344025,-20.739135,45.520263,GPS.F
MAK.C.0029,MAK,2025-08-17,2025-08-17T16:01:40Z,372.565186,-20.731748,45.51606,GPS.C
MAK.F.0051,MAK,2025-08-17,2025-08-17T16:06:39Z,479.093689,-20.739284,45.520354,GPS.F
MAK.F.0052,MAK,2025-08-17,2025-08-17T16:10:13Z,478.589844,-20.739518,45.520455,GPS.F
MAK.F.0053,MAK,2025-08-17,2025-08-17T16:14:02Z,477.787415,-20.739968,45.5208,GPS.F
MAK.F.0054,MAK,2025-08-17,2025-08-17T16:25:12Z,476.499756,-20.740122,45.52226,GPS.F
MAK.F.0055,MAK,2025-08-17,2025-08-17T16:27:30Z,473.672577,-20.740449,45.522486,GPS.F
MAK.C.0030,MAK,2025-08-17,2025-08-17T16:31:22Z,353.651886,-20.737426,45.52087,GPS.C
MAK.C.0031,MAK,2025-08-17,2025-08-17T16:37:41Z,353.474609,-20.73792,45.521005,GPS.C
MAK.C.0032,MAK,2025-08-17,2025-08-17T16:42:38Z,351.701752,-20.738183,45.521024,GPS.C
MAK.C.0033,MAK,2025-08-17,2025-08-17T16:55:10Z,337.855011,-20.739509,45.520265,GPS.C
MAK.C.0034,MAK,2025-08-17,2025-08-17T16:55:11Z,337.295166,-20.739521,45.52027,GPS.C
MAK.F.0056,MAK,2025-08-18,2025-08-18T12:30:38Z,NA,-20.732973,45.519026,GPS.F
MAK.F.0057,MAK,2025-08-18,2025-08-18T13:13:20Z,479.812164,-20.738556,45.520892,GPS.F
MAK.F.0058,MAK,2025-08-18,2025-08-18T13:17:39Z,473.681885,-20.739134,45.520194,GPS.F
MAK.F.0059,MAK,2025-08-18,2025-08-18T13:20:43Z,470.56546,-20.739743,45.521564,GPS.F
MAK.F.0060,MAK,2025-08-18,2025-08-18T15:32:07Z,452.874451,-20.744688,45.526883,GPS.F
MAK.F.0061,MAK,2025-08-18,2025-08-18T15:38:03Z,452.286621,-20.744901,45.526439,GPS.F
MAK.F.0062,MAK,2025-08-18,2025-08-18T15:41:48Z,452.02536,-20.744933,45.526326,GPS.F
MAK.F.0063,MAK,2025-08-18,2025-08-18T15:47:29Z,451.932068,-20.7458,45.525428,GPS.F
MAK.F.0064,MAK,2025-08-18,2025-08-18T15:50:49Z,452.566528,-20.745819,45.525338,GPS.F
MAK.F.0065,MAK,2025-08-18,2025-08-18T15:59:33Z,451.941376,-20.745824,45.524728,GPS.F
MAK.C.0035,MAK,2025-08-19,2025-08-19T02:51:42Z,317.728729,-20.750715,45.525281,GPS.C
MAK.F.0066,MAK,2025-08-19,2025-08-19T15:01:25Z,431.768433,-20.640308,45.515464,GPS.F
MAK.F.0067,MAK,2025-08-19,2025-08-19T15:09:04Z,434.194397,-20.641223,45.517606,GPS.F
MAK.F.0068,MAK,2025-08-19,2025-08-19T15:18:26Z,434.464996,-20.641766,45.518687,GPS.F
MAK.F.0069,MAK,2025-08-19,2025-08-19T15:28:12Z,432.990753,-20.641797,45.518462,GPS.F
MAK.F.0070,MAK,2025-08-19,2025-08-19T15:33:05Z,432.001709,-20.641796,45.518472,GPS.F
MAK.F.0071,MAK,2025-08-19,2025-08-19T15:41:26Z,430.359497,-20.64184,45.518321,GPS.F
MAK.F.0072,MAK,2025-08-19,2025-08-19T15:46:29Z,430.032928,-20.641856,45.518217,GPS.F
MAK.F.0073,MAK,2025-08-19,2025-08-19T15:50:56Z,429.27713,-20.641808,45.518083,GPS.F
MAK.F.0074,MAK,2025-08-19,2025-08-19T15:57:30Z,428.819946,-20.641789,45.518035,GPS.F
MAK.F.0075,MAK,2025-08-19,2025-08-19T16:02:49Z,427.392334,-20.641658,45.517889,GPS.F
MAK.F.0076,MAK,2025-08-19,2025-08-19T16:05:31Z,427.187073,-20.641597,45.517763,GPS.F
MAK.F.0077,MAK,2025-08-19,2025-08-19T16:11:05Z,426.655212,-20.641529,45.517741,GPS.F
MAK.F.0078,MAK,2025-08-19,2025-08-19T16:14:57Z,425.927429,-20.641441,45.517707,GPS.F
MAK.F.0079,MAK,2025-08-19,2025-08-19T16:17:40Z,425.712799,-20.641355,45.517619,GPS.F
MAK.F.0080,MAK,2025-08-19,2025-08-19T16:21:23Z,425.320923,-20.641173,45.517494,GPS.F
MAK.F.0081,MAK,2025-08-19,2025-08-19T16:24:30Z,424.733093,-20.641145,45.517323,GPS.F
MAK.F.0082,MAK,2025-08-19,2025-08-19T16:27:13Z,424.453156,-20.64115,45.517287,GPS.F
MAK.F.0083,MAK,2025-08-19,2025-08-19T16:32:46Z,424.639771,-20.641105,45.517039,GPS.F
MAK.F.0084,MAK,2025-08-19,2025-08-19T16:40:06Z,423.660065,-20.640986,45.516449,GPS.F
MAK.F.0085,MAK,2025-08-19,2025-08-19T16:40:30Z,424.182587,-20.641012,45.516523,GPS.F
MAK.F.0086,MAK,2025-08-19,2025-08-19T16:44:14Z,423.604065,-20.640505,45.5158,GPS.F
MAK.F.0087,MAK,2025-08-19,2025-08-19T16:46:10Z,422.055176,-20.64025,45.515411,GPS.F
MAK.C.0036,MAK,2025-08-19,2025-08-19T16:55:29Z,289.074158,-20.642446,45.514836,GPS.C
MAK.C.0037,MAK,2025-08-20,2025-08-20T08:56:34Z,300.019073,-20.640276,45.515411,GPS.C
MAK.C.0038,MAK,2025-08-20,2025-08-20T08:57:36Z,290.520416,-20.640481,45.515835,GPS.C
MAK.C.0039,MAK,2025-08-20,2025-08-20T09:00:25Z,297.275848,-20.640971,45.516512,GPS.C
MAK.C.0040,MAK,2025-08-20,2025-08-20T09:01:51Z,297.42514,-20.641104,45.516858,GPS.C
MAK.C.0041,MAK,2025-08-20,2025-08-20T09:14:44Z,299.82312,-20.641589,45.517671,GPS.C
MAK.C.0042,MAK,2025-08-20,2025-08-20T09:24:57Z,302.333069,-20.64173,45.51871,GPS.C
MAK.F.0088,MAK,2025-08-20,2025-08-20T15:29:35Z,NA,-20.64806,45.505001,GPS.F
MAK.F.0089,MAK,2025-08-20,2025-08-20T15:33:57Z,NA,-20.648059,45.505133,GPS.F
MAK.F.0090,MAK,2025-08-20,2025-08-20T15:38:50Z,NA,-20.648059,45.505133,GPS.F
MAK.F.0091,MAK,2025-08-20,2025-08-20T15:45:09Z,NA,-20.648059,45.505133,GPS.F
MAK.F.0092,MAK,2025-08-20,2025-08-20T15:48:06Z,NA,-20.648059,45.505133,GPS.F
MAK.C.0043,MAK,2025-08-20,2025-08-20T15:49:01Z,321.694275,-20.648154,45.505051,GPS.C
MAK.C.0044,MAK,2025-08-20,2025-08-20T16:05:34Z,317.635406,-20.647951,45.507327,GPS.C
MAK.C.0045,MAK,2025-08-20,2025-08-20T16:08:29Z,317.570099,-20.647931,45.507397,GPS.C
MAK.F.0093,MAK,2025-08-20,2025-08-20T16:23:19Z,NA,-20.648059,45.505133,GPS.F
MAK.C.0046,MAK,2025-08-20,2025-08-20T16:34:28Z,313.128693,-20.647245,45.510379,GPS.C
MAK.F.0094,MAK,2025-08-20,2025-08-20T16:43:30Z,444.29022200000003,-20.645689,45.513433,GPS.F
MAK.F.0095,MAK,2025-08-20,2025-08-20T16:50:00Z,444.980682,-20.646624,45.513504,GPS.F
MAK.F.0096,MAK,2025-08-20,2025-08-20T16:59:57Z,444.532806,-20.647418,45.513969,GPS.F
MAK.F.0097,MAK,2025-08-20,2025-08-20T17:02:35Z,444.168915,-20.647502,45.513967,GPS.F
MAK.F.0098,MAK,2025-08-20,2025-08-20T17:06:48Z,444.383514,-20.64772,45.513977,GPS.F
MAK.F.0099,MAK,2025-08-20,2025-08-20T17:10:10Z,444.41153,-20.647752,45.514089,GPS.F
MAK.F.0100,MAK,2025-08-20,2025-08-20T17:12:31Z,444.0383,-20.647835,45.514145,GPS.F
MAK.F.0101,MAK,2025-08-20,2025-08-20T17:16:38Z,444.262238,-20.647976,45.514348,GPS.F
MAK.C.0047,MAK,2025-08-20,2025-08-20T17:18:36Z,314.556274,-20.64843,45.514587,GPS.C
MAK.F.0102,MAK,2025-08-20,2025-08-20T17:23:25Z,443.860992,-20.648173,45.514468,GPS.F
MAK.F.0103,MAK,2025-08-20,2025-08-20T17:26:19Z,443.805023,-20.648211,45.514536,GPS.F
MAK.F.0104,MAK,2025-08-21,2025-08-21T12:38:45Z,464.621796,-20.646938,45.510615,GPS.F
MAK.F.0105,MAK,2025-08-21,2025-08-21T13:04:07Z,470.0336,-20.647773,45.504645,GPS.F
MAK.F.0106,MAK,2025-08-21,2025-08-21T13:07:41Z,465.862793,-20.647715,45.504461,GPS.F
MAK.F.0107,MAK,2025-08-21,2025-08-21T13:09:45Z,467.570282,-20.647467,45.504284,GPS.F
MAK.F.0108,MAK,2025-08-21,2025-08-21T13:14:49Z,465.918762,-20.647276,45.504,GPS.F
MAK.F.0109,MAK,2025-08-21,2025-08-21T13:16:39Z,466.282654,-20.647156,45.503852,GPS.F
MAK.F.0110,MAK,2025-08-21,2025-08-21T13:59:59Z,461.925232,-20.645605,45.513502,GPS.F
MAK.F.0111,MAK,2025-08-21,2025-08-21T14:05:29Z,462.167816,-20.646506,45.513638,GPS.F
MAK.F.0112,MAK,2025-08-21,2025-08-21T14:10:05Z,462.475739,-20.647386,45.513966,GPS.F
MAK.F.0113,MAK,2025-08-21,2025-08-21T14:11:21Z,462.195831,-20.647485,45.513934,GPS.F
MAK.F.0114,MAK,2025-08-21,2025-08-21T14:12:40Z,462.214478,-20.647719,45.514006,GPS.F
MAK.F.0115,MAK,2025-08-21,2025-08-21T14:13:38Z,462.214478,-20.647756,45.514083,GPS.F
MAK.F.0116,MAK,2025-08-21,2025-08-21T14:15:42Z,462.410431,-20.64792,45.514356,GPS.F
MAK.C.0048,MAK,2025-08-21,2025-08-21T15:04:18Z,337.369812,-20.662574,45.513887,GPS.C
MAK.C.0049,MAK,2025-08-21,2025-08-21T15:15:52Z,334.44931,-20.660542,45.514137,GPS.C
MAK.C.0050,MAK,2025-08-21,2025-08-21T15:23:40Z,332.508545,-20.65988,45.514337,GPS.C
MAK.C.0051,MAK,2025-08-21,2025-08-21T15:41:39Z,328.626953,-20.657349,45.514636,GPS.C
MAK.C.0052,MAK,2025-08-21,2025-08-21T15:45:47Z,329.802643,-20.657171,45.514649,GPS.C
MAK.C.0053,MAK,2025-08-21,2025-08-21T15:47:38Z,328.552307,-20.657201,45.514522,GPS.C
MAK.C.0054,MAK,2025-08-21,2025-08-21T15:54:15Z,328.123108,-20.65673,45.514639,GPS.C
MAK.C.0055,MAK,2025-08-21,2025-08-21T15:57:52Z,327.003418,-20.656592,45.514644,GPS.C
MAK.C.0056,MAK,2025-08-21,2025-08-21T16:15:34Z,324.334839,-20.654053,45.514856,GPS.C
MAK.C.0057,MAK,2025-08-21,2025-08-21T16:28:34Z,321.918182,-20.651322,45.515715,GPS.C
MAK.C.0058,MAK,2025-08-21,2025-08-21T16:31:52Z,321.153076,-20.651307,45.515721,GPS.C
MAK.C.0059,MAK,2025-08-21,2025-08-21T16:37:36Z,321.563629,-20.65104,45.515914,GPS.C
MAK.C.0060,MAK,2025-08-21,2025-08-21T16:42:01Z,319.548187,-20.65092,45.515986,GPS.C
MAK.C.0061,MAK,2025-08-21,2025-08-21T16:49:38Z,317.906006,-20.649945,45.515623,GPS.C
MAK.F.0117,MAK,2025-08-22,2025-08-22T02:05:46Z,439.755493,-20.640303,45.515402,GPS.F
MAK.F.0118,MAK,2025-08-22,2025-08-22T02:07:35Z,436.872314,-20.64034,45.515529,GPS.F
MAK.F.0119,MAK,2025-08-22,2025-08-22T02:08:31Z,436.890991,-20.640381,45.515643,GPS.F
MAK.F.0120,MAK,2025-08-22,2025-08-22T02:09:24Z,437.068268,-20.64043,45.515817,GPS.F
MAK.F.0121,MAK,2025-08-22,2025-08-22T02:10:33Z,437.69342,-20.640576,45.515958,GPS.F
MAK.F.0122,MAK,2025-08-22,2025-08-22T02:13:56Z,438.374573,-20.640686,45.51612,GPS.F
MAK.F.0123,MAK,2025-08-22,2025-08-22T02:14:33Z,437.898682,-20.64078,45.516165,GPS.F
MAK.F.0124,MAK,2025-08-22,2025-08-22T02:15:02Z,438.178619,-20.640867,45.516274,GPS.F
MAK.F.0125,MAK,2025-08-22,2025-08-22T02:17:57Z,438.225281,-20.640957,45.516449,GPS.F
MAK.F.0126,MAK,2025-08-22,2025-08-22T02:20:44Z,438.533173,-20.64094,45.516396,GPS.F
MAK.F.0127,MAK,2025-08-22,2025-08-22T02:22:41Z,438.794434,-20.641085,45.516775,GPS.F
MAK.F.0128,MAK,2025-08-22,2025-08-22T02:23:14Z,438.645142,-20.641037,45.51665,GPS.F
MAK.F.0129,MAK,2025-08-22,2025-08-22T02:23:45Z,438.514526,-20.641086,45.516735,GPS.F
MAK.F.0130,MAK,2025-08-22,2025-08-22T02:23:46Z,438.514526,-20.641087,45.516737,GPS.F
MAK.F.0131,MAK,2025-08-22,2025-08-22T02:23:46Z,438.514526,-20.641087,45.516739,GPS.F
MAK.F.0132,MAK,2025-08-22,2025-08-22T02:24:15Z,438.729126,-20.641083,45.51686,GPS.F
MAK.F.0133,MAK,2025-08-22,2025-08-22T02:25:36Z,439.139679,-20.64105,45.517063,GPS.F
TDB.C.0001,TDB,2025-08-24,2025-08-24T13:51:37Z,113.629166,-19.142633,44.937404,GPS.C
TDB.F.0001,TDB,2025-08-24,2025-08-24T14:05:32Z,237.951294,-19.142334,44.937161,GPS.F
TDB.F.0002,TDB,2025-08-24,2025-08-24T14:28:02Z,243.633698,-19.142558,44.939052,GPS.F
TDB.F.0003,TDB,2025-08-24,2025-08-24T14:38:38Z,246.666168,-19.142931,44.940572,GPS.F
TDB.F.0004,TDB,2025-08-24,2025-08-24T14:49:48Z,245.714432,-19.143343,44.941869,GPS.F
TDB.F.0005,TDB,2025-08-24,2025-08-24T15:00:46Z,251.200882,-19.143641,44.943189,GPS.F
TDB.F.0006,TDB,2025-08-24,2025-08-24T15:29:05Z,229.18045,-19.142589,44.938093,GPS.F
TDB.C.0002,TDB,2025-08-24,2025-08-24T15:31:39Z,103.663986,-19.142119,44.937212,GPS.C
TDB.F.0007,TDB,2025-08-24,2025-08-24T16:00:14Z,227.062378,-19.142676,44.938128,GPS.F
TDB.F.0008,TDB,2025-08-24,2025-08-24T16:05:04Z,225.952026,-19.142876,44.938037,GPS.F
TDB.C.0003,TDB,2025-08-24,2025-08-24T16:10:37Z,72.284866,-19.14464,44.932732,GPS.C
TDB.F.0009,TDB,2025-08-24,2025-08-24T16:12:26Z,221.781219,-19.14294,44.937629,GPS.F
TDB.F.0010,TDB,2025-08-24,2025-08-24T16:21:45Z,220.0737,-19.142729,44.937344,GPS.F
TDB.C.0004,TDB,2025-08-24,2025-08-24T16:24:17Z,68.104721,-19.144827,44.931778,GPS.C
TDB.C.0005,TDB,2025-08-24,2025-08-24T16:25:37Z,69.700264,-19.144933,44.931774,GPS.C
TDB.C.0006,TDB,2025-08-24,2025-08-24T16:40:54Z,69.392357,-19.144898,44.932989,GPS.C
TDB.F.0011,TDB,2025-08-24,2025-08-24T16:43:34Z,214.419296,-19.142029,44.937128,GPS.F
TDB.C.0007,TDB,2025-08-24,2025-08-24T16:50:46Z,73.395218,-19.144244,44.934387,GPS.C
TDB.C.0008,TDB,2025-08-24,2025-08-24T17:03:39Z,90.199799,-19.141837,44.936646,GPS.C
TDB.F.0013,TDB,2025-08-25,2025-08-25T15:18:52Z,261.987152,-19.144387,44.945916,GPS.F
TDB.C.0009,TDB,2025-08-25,2025-08-25T15:21:37Z,150.457397,-19.14326,44.946692,GPS.C
TDB.C.0010,TDB,2025-08-25,2025-08-25T15:24:23Z,146.734451,-19.143543,44.946699,GPS.C
TDB.F.0014,TDB,2025-08-25,2025-08-25T15:24:57Z,260.382294,-19.14446,44.945588,GPS.F
TDB.F.0015,TDB,2025-08-25,2025-08-25T15:33:51Z,258.544128,-19.144445,44.945382,GPS.F
TDB.F.0016,TDB,2025-08-25,2025-08-25T15:38:06Z,257.107208,-19.144162,44.945276,GPS.F
TDB.C.0011,TDB,2025-08-25,2025-08-25T15:38:52Z,141.630569,-19.143991,44.945152,GPS.C
TDB.F.0017,TDB,2025-08-25,2025-08-25T15:45:02Z,254.774536,-19.144197,44.945066,GPS.F
TDB.F.0018,TDB,2025-08-25,2025-08-25T15:49:51Z,254.485291,-19.144032,44.945097,GPS.F
TDB.C.0012,TDB,2025-08-25,2025-08-25T15:52:39Z,137.553055,-19.143597,44.944241,GPS.C
TDB.F.0019,TDB,2025-08-25,2025-08-25T15:54:54Z,253.244308,-19.14396,44.945015,GPS.F
TDB.F.0020,TDB,2025-08-25,2025-08-25T15:57:29Z,252.068634,-19.143895,44.944875,GPS.F
TDB.F.0021,TDB,2025-08-25,2025-08-25T16:00:49Z,251.760727,-19.143826,44.944779,GPS.F
TDB.C.0013,TDB,2025-08-25,2025-08-25T16:01:09Z,135.780228,-19.144081,44.944416,GPS.C
TDB.F.0022,TDB,2025-08-25,2025-08-25T16:03:14Z,251.79805,-19.143801,44.944688,GPS.F
TDB.C.0014,TDB,2025-08-25,2025-08-25T16:07:00Z,136.498688,-19.144129,44.944606,GPS.C
TDB.F.0023,TDB,2025-08-25,2025-08-25T16:14:31Z,249.679977,-19.143956,44.944647,GPS.F
TDB.C.0015,TDB,2025-08-25,2025-08-25T16:47:03Z,110.018188,-19.142786,44.939293,GPS.C
TDB.C.0016,TDB,2025-08-25,2025-08-25T16:50:17Z,108.403976,-19.142587,44.938707,GPS.C
TDB.C.0017,TDB,2025-08-26,2025-08-26T03:05:36Z,98.410805,-19.142743,44.939303,GPS.C
TDB.C.0018,TDB,2025-08-26,2025-08-26T03:31:05Z,113.778458,-19.1441,44.944346,GPS.C
TDB.C.0019,TDB,2025-08-26,2025-08-26T03:33:53Z,115.392662,-19.144144,44.944554,GPS.C
TDB.C.0020,TDB,2025-08-26,2025-08-26T03:37:40Z,115.318016,-19.14354,44.944228,GPS.C
TDB.C.0021,TDB,2025-08-26,2025-08-26T03:43:39Z,113.703812,-19.143965,44.945016,GPS.C
TDB.C.0022,TDB,2025-08-26,2025-08-26T04:05:09Z,114.133018,-19.144006,44.945113,GPS.C
